{"validation_loss": 2.6007111072540283, "bleu": 19.807213489114208}