{"validation_loss": 4.635456085205078, "bleu": 8.207446171671332}