{"validation_loss": 3.2295451164245605, "bleu": 13.780993546748103}