{"validation_loss": 2.5752265453338623, "bleu": 20.330502848720734}