{"validation_loss": 4.204784870147705, "bleu": 9.20067588536435}