{"validation_loss": 3.3628499507904053, "bleu": 13.529272723858618}