{"validation_loss": 2.8908679485321045, "bleu": 17.839011359884896}