{"validation_loss": 2.6575510501861572, "bleu": 20.11831100040428}