{"validation_loss": 3.9306869506835938, "bleu": 10.6032955474377}