{"validation_loss": 3.0942883491516113, "bleu": 15.764159263881224}