{"validation_loss": 3.706836223602295, "bleu": 11.567543374259698}