{"validation_loss": 2.817354917526245, "bleu": 18.089728223994424}