{"validation_loss": 2.543569564819336, "bleu": 20.73084438382093}