{"validation_loss": 2.6968743801116943, "bleu": 18.757376427616766}