{"validation_loss": 2.981050968170166, "bleu": 16.34363097319603}