{"validation_loss": 2.7477638721466064, "bleu": 19.89389764230872}