{"validation_loss": 3.5212960243225098, "bleu": 12.108164289449938}